Contact Name,Hobby
Acton Mercado,Camping
Acton Mercado,Sailing
Acton Mercado,Backpacking
Adam Hogan,Mountaineering
Adam Hogan,Kayaking
Adam Hogan,Mountain biking
Adria Battle,Bridge
Adria Battle,Chess
Adria Battle,Sailing
Aubrey Weaver,Bridge
Aubrey Weaver,Backpacking
Aubrey Weaver,Board games
Beverly Fletcher,Backpacking
Beverly Fletcher,Camping
Beverly Fletcher,Sailing
Blaine Schroeder,Camping
Blaine Schroeder,Orienteering
Blaine Schroeder,Rafting
Brenda Mullins,Chess
Brenda Mullins,Bird watching
Brenda Mullins,Kayaking
Brock Bryan,Rafting
Brock Bryan,Orienteering
Brynn Ferguson,Backpacking
Brynn Ferguson,Camping
Brynn Ferguson,Chess
Carly Farrell,Bird watching
Carly Farrell,Kayaking
Charde Matthews,Mountain biking
Charde Matthews,Sailing
Charde Matthews,Glassblowing
Charity Burke,Mountain biking
Charity Burke,Mountaineering
Cheyenne Walter,Sailing
Cheyenne Walter,Backpacking
Clayton Collier,Chess
Clayton Collier,Bird watching
Clayton Collier,Kayaking
Cody Clay,Kayaking
Cody Clay,Backpacking
Cody Clay,Marbles
Colton Griffith,Kayaking
Colton Griffith,Mountain biking
Colton Griffith,Mountaineering
Cyrus Atkins,Sailing
Cyrus Atkins,Backpacking
Dana Pugh,Marbles
Dana Pugh,Sketching
Dana Pugh,Woodworking
Deacon Gill,Mountain biking
Deacon Gill,Mountaineering
Dean Travis,Camping
Dean Travis,Orienteering
Dean Travis,Rafting
Emerson Burns,Backpacking
Emerson Burns,Camping
Emerson Burns,Orienteering
Emi Bradshaw,Backpacking
Emi Bradshaw,Sailing
Emi Bradshaw,Bird watching
Emily Peters,Chess
Emily Peters,Bird watching
Emily Peters,Kayaking
Emma Mayo,Orienteering
Emma Mayo,Rafting
Erich Ingram,Chess
Erich Ingram,Backpacking
Erich Ingram,Camping
Eve Gay,Lego building
Eve Gay,Sailing
Eve Gay,Glassblowing
Fletcher Hernandez,Sculpting
Fletcher Hernandez,Photography
Fletcher Hernandez,Bird watching
Francis Good,Bird watching
Francis Good,BASE jumping
Francis Good,Video gaming
Gareth Park,Backpacking
Gareth Park,Marbles
Gareth Park,Sailing
Gisela Waller,Chess
Gisela Waller,Camping
Gisela Waller,Orienteering
Hilel Harris,Bird watching
Hilel Harris,Painting
Hilel Harris,Photography
Hollee Davidson,Camping
Hollee Davidson,Orienteering
Hollee Davidson,Rafting
Hop Fletcher,Bird watching
Hop Fletcher,Mountain biking
Hop Fletcher,Orienteering
Hyatt Best,Poker
Hyatt Best,Camping
Hyatt Best,Sudoku
Iona Foley,Mountain biking
Iona Foley,Mountaineering
Jacqueline Pennington,Kayaking
Jacqueline Pennington,Rafting
Jada Miles,Camping
Jada Miles,Orienteering
Jada Miles,Rafting
Jessamine Mcclure,Lego building
Jessamine Mcclure,Orienteering
Jessamine Mcclure,Origami
Jessamine Torres,Bird watching
Jessamine Torres,Kayaking
Joshua Case,Camping
Joshua Case,Chess
Joshua Maxwell,Sculpting
Joshua Maxwell,Kayaking
Joshua Maxwell,Rafting
Juliet Collier,Camping
Juliet Collier,Chess
Kalia Reid,Marbles
Kalia Reid,Backpacking
Kalia Reid,Mahjong
Keefe Hendricks,Camping
Keefe Hendricks,Chess
Kirk Petty,Bird watching
Kirk Petty,Backpacking
Kirk Petty,Marbles
Kyla Oconnor,Mountaineering
Kyla Oconnor,Kayaking
Kyla Oconnor,Mountain biking
Lacy Vaughan,Orienteering
Lacy Vaughan,Mountain biking
Lacy Vaughan,Mountaineering
Leila Branch,Backpacking
Leila Branch,Sailing
Leila Branch,Bird watching
Len Hill,Mountain biking
Len Hill,Mountaineering
Lewis Nolan,Camping
Lewis Nolan,Orienteering
Lewis Nolan,Rafting
Lucius Maynard,Kayaking
Lucius Maynard,Bird watching
Macey Harmon,Backpacking
Macey Harmon,Marbles
Macon Bernard,Chess
Macon Bernard,Bird watching
Macon Bernard,Kayaking
Malik Hernandez,Backpacking
Malik Hernandez,Board games
Malik Hernandez,Bird watching
Malik Mendez,Orienteering
Malik Mendez,Rafting
Michelle Beard,Bird watching
Michelle Beard,Kayaking
Montana Todd,Backpacking
Montana Todd,Chess
Montana Todd,Sailing
Nash Baker,Orienteering
Nash Baker,Backpacking
Nash Baker,Camping
Nash Mullen,Backpacking
Nash Mullen,Sailing
Nash Mullen,Bird watching
Nell Cooley,Speed skating
Nell Cooley,Skydiving
Nell Cooley,Snowboarding
Oliver Dixon,Bird watching
Oliver Dixon,Kayaking
Olivia Nolan,Camping
Olivia Nolan,Orienteering
Olivia Nolan,Chess
Pascale Newton,Chess
Pascale Newton,Bird watching
Pascale Newton,Kayaking
Phillip Foster,Orienteering
Phillip Foster,Rafting
Phoebe Blackburn,Orienteering
Phoebe Blackburn,Backpacking
Phoebe Blackburn,Camping
Rhona Hoover,Sailing
Rhona Hoover,Backpacking
Russell Winters,Orienteering
Russell Winters,Backpacking
Russell Winters,Marbles
Shad Neal,Mountaineering
Shad Neal,Kayaking
Shad Neal,Mountain biking
Sierra Medina,Orienteering
Sierra Medina,Rafting
Skyler Monroe,Camping
Skyler Monroe,Chess
Stella Hopkins,Mountaineering
Stella Hopkins,Kayaking
Stella Hopkins,Mountain biking
Tad Boyd,Bird watching
Tad Boyd,Kayaking
Tara Roberts,Mountain biking
Tara Roberts,Mountaineering
Tatum Mcgee,Camping
Tatum Mcgee,Sudoku
Tatum Mcgee,Video gaming
Thane Greene,Camping
Thane Greene,Chess
Thomas Rosales,Backpacking
Thomas Rosales,Camping
Thomas Rosales,Sailing
Thor Weaver,Chess
Thor Weaver,Bird watching
Thor Weaver,Kayaking
Timon Mack,Orienteering
Timon Mack,Rafting
Troy Cook,Backpacking
Troy Cook,Camping
Troy Cook,Sailing
Ulla Perez,Sailing
Ulla Perez,Bird watching
Ulla Perez,Backpacking
Ulysses Ferrell,Chess
Ulysses Ferrell,Backpacking
Ulysses Ferrell,Camping
Vanna Combs,Orienteering
Vanna Combs,Rafting
Vanna Combs,Camping
Vladimir Sutton,Camping
Vladimir Sutton,Orienteering
Vladimir Sutton,Rafting
Willa Dodson,Mountaineering
Willa Dodson,Kayaking
Willa Dodson,Mountain biking
Yetta Tucker,Sailing
Yetta Tucker,Backpacking
Yoshi Dominguez,Mountain biking
Yoshi Dominguez,Mountaineering
Yvonne Cortez,Chess
Yvonne Cortez,Kayaking
Yvonne Cortez,Mountain biking
Yvonne Gibbs,Camping
Yvonne Gibbs,Chess
Zachery Thompson,Painting
Zachery Thompson,Orienteering
Zachery Thompson,Origami
Zoe Clarke,Camping
Zoe Clarke,Orienteering
Zoe Clarke,Rafting
